热门查询,点击次数,展示,点击率,排名
minions and monsters torrent,4,26,15.38%,16.08
minions & monsters torrent,3,11,27.27%,12.45
minions.and.monsters.2026.1080p.telesync.x264-dks,1,7,14.29%,2.71
minions & monsters download torrent,1,5,20%,16.6
minions & monsters 2026 torrent,1,2,50%,17
minions and monsters 2026 torrent,0,5,0%,4.4
minions monsters torrent,0,4,0%,9.5
minion 2026 torrent,0,2,0%,6
minions 2026 torrent,0,2,0%,10
monsters and minions torrent,0,2,0%,18.5
minions and monsters torrents,0,2,0%,19
legend of aang: the last airbender webrip,0,2,0%,20
of campus torrent,0,2,0%,29
enola holmes 1 torrent,0,1,0%,6
minions vs monsters torrent,0,1,0%,6
minions and monsters torrent download,0,1,0%,7
enola torrent magnet,0,1,0%,9
the untamed torrent,0,1,0%,12
minions & monsters (2026) torrent,0,1,0%,13
minions & monsters 2026 download torrent,0,1,0%,14
the punisher: one last kill torrent,0,1,0%,14
torrent minions and monsters,0,1,0%,15
swapped movie torrent,0,1,0%,17
minions and monsters 1080p,0,1,0%,36
superfakes s01e01 libvpx,0,1,0%,45
swapped torrent magnet,0,1,0%,63